INSERT INTO law_schools (id, aba_school_code, name, city, state, region, website_url, is_aba_accredited)
VALUES
    (1, 'YLS', 'Yale Law School', 'New Haven', 'CT', 'Northeast', 'https://law.yale.edu', TRUE),
    (2, 'SLS', 'Stanford Law School', 'Stanford', 'CA', 'West', 'https://law.stanford.edu', TRUE),
    (3, 'HLS', 'Harvard Law School', 'Cambridge', 'MA', 'Northeast', 'https://hls.harvard.edu', TRUE),
    (4, 'CLS', 'Columbia Law School', 'New York', 'NY', 'Northeast', 'https://www.law.columbia.edu', TRUE),
    (5, 'UCLS', 'University of Chicago Law School', 'Chicago', 'IL', 'Midwest', 'https://www.law.uchicago.edu', TRUE),
    (6, 'NYUL', 'NYU School of Law', 'New York', 'NY', 'Northeast', 'https://www.law.nyu.edu', TRUE),
    (7, 'PENN', 'Penn Carey Law', 'Philadelphia', 'PA', 'Northeast', 'https://www.law.upenn.edu', TRUE),
    (8, 'UVAL', 'University of Virginia School of Law', 'Charlottesville', 'VA', 'South', 'https://www.law.virginia.edu', TRUE),
    (9, 'DUKEL', 'Duke University School of Law', 'Durham', 'NC', 'South', 'https://law.duke.edu', TRUE),
    (10, 'NWP', 'Northwestern Pritzker School of Law', 'Chicago', 'IL', 'Midwest', 'https://www.law.northwestern.edu', TRUE),
    (11, 'CORN', 'Cornell Law School', 'Ithaca', 'NY', 'Northeast', 'https://www.law.cornell.edu', TRUE),
    (12, 'GULC', 'Georgetown University Law Center', 'Washington', 'DC', 'Mid-Atlantic', 'https://www.law.georgetown.edu', TRUE),
    (13, 'BERK', 'University of California, Berkeley School of Law', 'Berkeley', 'CA', 'West', 'https://www.law.berkeley.edu', TRUE),
    (14, 'UCLA', 'UCLA School of Law', 'Los Angeles', 'CA', 'West', 'https://law.ucla.edu', TRUE),
    (15, 'MICH', 'University of Michigan Law School', 'Ann Arbor', 'MI', 'Midwest', 'https://michigan.law.umich.edu', TRUE),
    (16, 'VAND', 'Vanderbilt Law School', 'Nashville', 'TN', 'South', 'https://law.vanderbilt.edu', TRUE),
    (17, 'WASHU', 'Washington University School of Law', 'St. Louis', 'MO', 'Midwest', 'https://law.wustl.edu', TRUE),
    (18, 'TEX', 'University of Texas School of Law', 'Austin', 'TX', 'South', 'https://law.utexas.edu', TRUE),
    (19, 'UMN', 'University of Minnesota Law School', 'Minneapolis', 'MN', 'Midwest', 'https://law.umn.edu', TRUE),
    (20, 'FORD', 'Fordham University School of Law', 'New York', 'NY', 'Northeast', 'https://www.fordham.edu/school-of-law/', TRUE)
ON CONFLICT (id) DO NOTHING;

INSERT INTO school_statistics (
    law_school_id,
    academic_year,
    total_enrollment,
    first_year_enrollment,
    median_gpa,
    median_lsat,
    acceptance_rate,
    student_faculty_ratio
)
VALUES
    (1, 2025, 660, 200, 3.96, 174, 6.00, 4.80),
    (2, 2025, 580, 185, 3.92, 173, 7.00, 5.10),
    (3, 2025, 560, 180, 3.93, 174, 6.50, 5.00),
    (4, 2025, 1200, 400, 3.88, 173, 11.00, 6.00),
    (5, 2025, 610, 190, 3.91, 173, 12.00, 5.20),
    (6, 2025, 1100, 375, 3.84, 172, 16.00, 5.40),
    (7, 2025, 700, 230, 3.86, 171, 13.00, 5.10),
    (8, 2025, 950, 320, 3.88, 171, 12.00, 5.70),
    (9, 2025, 700, 235, 3.85, 170, 14.00, 5.30),
    (10, 2025, 625, 205, 3.82, 170, 13.00, 5.00),
    (11, 2025, 620, 200, 3.79, 169, 15.00, 5.20),
    (12, 2025, 2000, 650, 3.78, 168, 20.00, 7.20),
    (13, 2025, 870, 290, 3.84, 170, 17.00, 5.80),
    (14, 2025, 1000, 330, 3.77, 168, 17.00, 6.20),
    (15, 2025, 1000, 330, 3.82, 169, 17.00, 5.60),
    (16, 2025, 620, 205, 3.79, 166, 15.00, 5.30),
    (17, 2025, 675, 220, 3.76, 167, 18.00, 5.40),
    (18, 2025, 960, 315, 3.78, 170, 16.00, 6.10),
    (19, 2025, 600, 190, 3.65, 164, 23.00, 5.00),
    (20, 2025, 680, 220, 3.74, 167, 19.00, 5.60)
ON CONFLICT (law_school_id, academic_year) DO NOTHING;

INSERT INTO tuition_costs (
    law_school_id,
    academic_year,
    resident_tuition,
    nonresident_tuition,
    required_fees,
    living_expenses,
    total_cost_of_attendance
)
VALUES
    (1, 2025, 73000, 73000, 2800, 26000, 101800),
    (2, 2025, 73500, 73500, 2900, 29000, 105400),
    (3, 2025, 73000, 73000, 3000, 28000, 104000),
    (4, 2025, 74500, 74500, 3100, 30000, 107600),
    (5, 2025, 70000, 70000, 2500, 27000, 99500),
    (6, 2025, 72000, 72000, 2800, 32000, 106800),
    (7, 2025, 71000, 71000, 2600, 29000, 102600),
    (8, 2025, 68000, 68000, 2400, 26000, 96400),
    (9, 2025, 70500, 70500, 2500, 25000, 98000),
    (10, 2025, 72000, 72000, 2800, 29000, 103800),
    (11, 2025, 70000, 70000, 2500, 26000, 98500),
    (12, 2025, 74000, 74000, 3000, 31000, 108000),
    (13, 2025, 71000, 71000, 2600, 30000, 103600),
    (14, 2025, 70000, 70000, 2500, 29000, 101500),
    (15, 2025, 68500, 68500, 2400, 26000, 96900),
    (16, 2025, 67500, 67500, 2300, 25000, 94800),
    (17, 2025, 66000, 66000, 2200, 24000, 92200),
    (18, 2025, 64000, 64000, 2200, 25000, 91200),
    (19, 2025, 45000, 45000, 2100, 21000, 68100),
    (20, 2025, 70000, 70000, 2800, 31000, 103800)
ON CONFLICT (law_school_id, academic_year) DO NOTHING;

INSERT INTO law_school_career_paths (law_school_id, career_path_id, strength)
SELECT ls.id, cp.id, seeded_paths.strength
FROM (
    VALUES
        (1, 'judicial-clerkship', 5),
        (1, 'judicial-career', 5),
        (1, 'public-interest', 4),
        (2, 'biglaw', 5),
        (2, 'public-interest', 4),
        (2, 'litigation', 4),
        (2, 'judicial-clerkship', 4),
        (3, 'biglaw', 5),
        (3, 'government', 4),
        (3, 'judicial-clerkship', 4),
        (4, 'biglaw', 5),
        (4, 'litigation', 4),
        (4, 'judicial-clerkship', 4),
        (5, 'judicial-clerkship', 5),
        (5, 'judicial-career', 4),
        (5, 'biglaw', 4),
        (6, 'public-interest', 5),
        (6, 'government', 4),
        (6, 'litigation', 4),
        (7, 'biglaw', 5),
        (7, 'judicial-clerkship', 4),
        (8, 'government', 5),
        (8, 'judicial-clerkship', 5),
        (8, 'judicial-career', 4),
        (9, 'biglaw', 4),
        (9, 'litigation', 4),
        (9, 'judicial-clerkship', 4),
        (10, 'biglaw', 5),
        (10, 'litigation', 4),
        (11, 'biglaw', 4),
        (11, 'judicial-clerkship', 4),
        (12, 'government', 5),
        (12, 'public-interest', 4),
        (12, 'prosecutor', 4),
        (13, 'public-interest', 5),
        (13, 'government', 4),
        (13, 'litigation', 4),
        (14, 'public-interest', 4),
        (14, 'litigation', 4),
        (14, 'prosecutor', 3),
        (15, 'biglaw', 4),
        (15, 'government', 4),
        (15, 'judicial-clerkship', 4),
        (16, 'biglaw', 4),
        (16, 'litigation', 4),
        (16, 'judicial-clerkship', 4),
        (17, 'biglaw', 4),
        (17, 'litigation', 4),
        (18, 'biglaw', 4),
        (18, 'government', 4),
        (18, 'litigation', 4),
        (19, 'government', 4),
        (19, 'public-interest', 4),
        (19, 'judicial-career', 3),
        (20, 'biglaw', 4),
        (20, 'litigation', 4),
        (20, 'government', 3)
    ) AS seeded_paths(school_id, career_path_slug, strength)
    JOIN law_schools ls ON ls.id = seeded_paths.school_id
    JOIN career_paths cp ON cp.slug = seeded_paths.career_path_slug;